Protein Number,Protein Description,Peptide,Start,End,Combined Score,Immunogenicity Score,Peptide core,Median Percentile Rank (7-allele),HLA-DRB1:03:01,HLA-DRB1:07:01,HLA-DRB1:15:01,HLA-DRB3:01:01,HLA-DRB3:02:02,HLA-DRB4:01:01,HLA-DRB5:01:01
1,"WP_338259392.1 anthrax toxin protective antigen, partial [Bacillus anthracis]",KLNAKMNILIRDKRF,611,625,37.14736,50.8684,MNILIRDKR,28,16,38,28,55,15,12,29
1,"WP_338259392.1 anthrax toxin protective antigen, partial [Bacillus anthracis]",MNILIRDKRFHYDRN,616,630,38.52588,51.3147,MNILIRDKR,30,0.55,64,17,4.1,36,30,35
1,"WP_338259392.1 anthrax toxin protective antigen, partial [Bacillus anthracis]",RDKRFHYDRNNIAVG,621,635,39.07348,58.6837,FHYDRNNIA,26,7.7,32,30,1.6,0.74,60,26
1,"WP_338259392.1 anthrax toxin protective antigen, partial [Bacillus anthracis]",VLDKIKLNAKMNILI,606,620,40.49196,84.7299,IKLNAKMNI,11,11,9.8,11,23,2.4,12,26
1,"WP_338259392.1 anthrax toxin protective antigen, partial [Bacillus anthracis]",NSNKIRLEKGRLYQI,131,145,40.91044,91.1761,IRLEKGRLY,7.4,5.2,21,6.9,4.1,17,8.4,7.4
1,"WP_338259392.1 anthrax toxin protective antigen, partial [Bacillus anthracis]",TNIYTVLDKIKLNAK,601,615,43.8398,78.0995,IYTVLDKIK,21,17,39,32,17,21,33,14
1,"WP_338259392.1 anthrax toxin protective antigen, partial [Bacillus anthracis]",ANIRYVNTGTAPIYN,391,405,43.89628,85.7407,IRYVNTGTA,16,46,3.5,16,9.3,1.7,44,24
1,"WP_338259392.1 anthrax toxin protective antigen, partial [Bacillus anthracis]",RHPLVAAYPIVHVDM,281,295,45.72016,94.8004,PLVAAYPIV,13,19,12,9.2,39,11,31,13
1,"WP_338259392.1 anthrax toxin protective antigen, partial [Bacillus anthracis]",MKKRKVLIPLMALST,1,15,45.7808,81.452,RKVLIPLMA,22,43,30,11,64,15,5.7,22
1,"WP_338259392.1 anthrax toxin protective antigen, partial [Bacillus anthracis]",APIYNVLPTTSLVLG,401,415,46.03524,92.5881,IYNVLPTTS,15,22,3.9,13,42,8.6,38,15
1,"WP_338259392.1 anthrax toxin protective antigen, partial [Bacillus anthracis]",NQYFQSAIWSGFIKV,86,100,46.28728,88.7182,SAIWSGFIK,18,59,11,21,18,15,57,12
1,"WP_338259392.1 anthrax toxin protective antigen, partial [Bacillus anthracis]",YTVDVKNKRTFLSPW,221,235,47.82188,68.5547,YTVDVKNKR,34,11,67,36,32,34,74,30
1,"WP_338259392.1 anthrax toxin protective antigen, partial [Bacillus anthracis]",VLIPLMALSTILVSS,6,20,48.42184,91.0546,IPLMALSTI,20,27,13,8.2,32,20,3,32
1,"WP_338259392.1 anthrax toxin protective antigen, partial [Bacillus anthracis]",AAYPIVHVDMENIIL,286,300,48.60616,85.5154,VHVDMENII,24,22,36,24,6.9,30,12,80
1,"WP_338259392.1 anthrax toxin protective antigen, partial [Bacillus anthracis]",NQFLELEKTKQLRLD,466,480,48.67344,88.6836,NQFLELEKT,22,20,7.3,41,22,41,22,18
1,"WP_338259392.1 anthrax toxin protective antigen, partial [Bacillus anthracis]",LEVEGYTVDVKNKRT,216,230,49.08964,65.7241,YTVDVKNKR,38,11,86,66,13,38,82,21
1,"WP_338259392.1 anthrax toxin protective antigen, partial [Bacillus anthracis]",TKPDMTLKEALKIAF,546,560,49.93116,96.3279,DMTLKEALK,19,14,15,19,35,38,28,13
