peptide,Num_Alleles,Min_Percentile,Avg_Percentile,Min_IC50,Avg_IC50
RKVLIPLMALSTILV,14,0.72,5.13,6.6,153.4178571
RHPLVAAYPIVHVDM,14,1.8,6.585714286,24.69,201.8692857
KRKVLIPLMALSTIL,13,0.55,3.549230769,6.49,113.6423077
KKRKVLIPLMALSTI,13,0.21,3.138461538,7.01,95.82615385
MKKRKVLIPLMALST,12,0.21,3.950833333,13.24,109.2225
SNKIRLEKGRLYQIK,12,0.36,4.738333333,22.34,180.4783333
STPITMNYNQFLELE,11,0.27,3.802727273,16.52,203.1209091
APIYNVLPTTSLVLG,11,0.29,4.574545455,5.65,138.7409091
ANIRYVNTGTAPIYN,11,1.2,4.190909091,18.7,88.38181818
TAPIYNVLPTTSLVL,11,0.33,4.126363636,5.44,119.9472727
SSTPITMNYNQFLEL,11,0.52,3.988181818,14.85,220.4409091
LLGYYFSDLNFQAPM,11,0.08,4.275454545,15.22,258.7127273
NIRYVNTGTAPIYNV,11,0.77,3.233636364,15.11,109.2427273
NKIRLEKGRLYQIKI,11,0.4,4.672727273,25.16,151.4072727
IRYVNTGTAPIYNVL,11,0.55,3.768181818,13.52,123.6763636
GYYFSDLNFQAPMVV,11,0.12,4.443636364,17.06,206.7945455
LGYYFSDLNFQAPMV,10,0.08,3.94,14.96,207.368
ENQYFQSAIWSGFIK,10,1.5,5.09,46.45,168.586
PIYNVLPTTSLVLGK,10,0.19,4.128,6.12,158.383
NSNKIRLEKGRLYQI,10,0.36,4.576,26.46,167.755
GLLGYYFSDLNFQAP,10,0.15,3.867,18.01,207.032
NANIRYVNTGTAPIY,10,0.82,3.982,15.49,76.196
DKIKLNAKMNILIRD,9,0.24,5.16,10.55,212.4566667
EARHPLVAAYPIVHV,9,2.4,6.566666667,47.82,175.4755556
LDKIKLNAKMNILIR,9,0.14,4.348888889,9.21,179.1822222
ARHPLVAAYPIVHVD,9,3.2,6.455555556,31.28,157.2177778
QGLLGYYFSDLNFQA,9,0.32,4.291111111,47.7,169.3055556
KIKLNAKMNILIRDK,9,0.24,4.493333333,11.4,195.9788889
IYNVLPTTSLVLGKN,9,0.21,4.645555556,8.47,126.8255556
YYFSDLNFQAPMVVT,9,0.74,5.304444444,37.72,224.0677778
KRFHYDRNNIAVGAD,8,0.01,2.175,7.57,54.51125
TPITMNYNQFLELEK,8,0.19,1.72125,17.61,146.75875
PITMNYNQFLELEKT,8,0.19,2.30625,17.4,185.06125
RYVNTGTAPIYNVLP,8,1.1,4.925,21.52,117.17625
AAYPIVHVDMENIIL,8,1.6,5.7125,67.48,260.64
TSLVLGKNQTLATIK,8,1.8,5.875,15.39,113.0925
AYPIVHVDMENIILS,8,1.4,5.3375,58.9,252.355
NQYFQSAIWSGFIKV,8,0.53,3.7425,25.94,118.54375
YFQSAIWSGFIKVKK,8,0.34,4.27875,19.1,103.9975
DKRFHYDRNNIAVGA,8,0.01,2.40875,8.98,58.54875
GTAPIYNVLPTTSLV,7,0.87,4.481428571,6.96,126.5
LNANIRYVNTGTAPI,7,1.3,4.214285714,20.33,126.9357143
KIRLEKGRLYQIKIQ,7,0.64,3.591428571,46.65,156.6557143
QYFQSAIWSGFIKVK,7,0.38,2.765714286,21.18,98.47571429
RDKRFHYDRNNIAVG,7,0.01,2.375714286,9.77,37.14857143
FQSAIWSGFIKVKKS,7,0.4,3.885714286,21.82,121.0628571
ASNSNKIRLEKGRLY,7,0.68,6.525714286,79.71,190.48
TTSLVLGKNQTLATI,7,1.3,3.785714286,11.83,68.34428571
KNKRTFLSPWISNIH,7,3.4,5.642857143,90.01,224.69
YPIVHVDMENIILSK,7,1.1,5.1,46.53,274.9528571
ITMNYNQFLELEKTK,7,0.22,3.324285714,18.82,232.2671429
SNSNKIRLEKGRLYQ,7,0.66,4.208571429,50.14,139.6114286
VKNKRTFLSPWISNI,7,5.4,7.485714286,117.59,268.3571429
IKLNAKMNILIRDKR,7,1.4,6.3,26.02,285.0714286
LSTILVSSTGNLEVI,6,1.4,4.916666667,25.31,124.9483333
VTNIYTVLDKIKLNA,6,3.1,6.25,54.47,238.2116667
KKEVISSDNLQLPEL,6,3,6.7,44.25,289.865
VLIPLMALSTILVSS,6,4,6.416666667,17.01,165.02
STILVSSTGNLEVIQ,6,1.7,5,29.3,122.6866667
ARIIFNGKDLNLVER,6,1.9,6.383333333,60.82,242.5183333
RFHYDRNNIAVGADE,6,0.01,1.793333333,10.38,57.21
KVLIPLMALSTILVS,6,2.4,4.966666667,11.15,145.875
HPLVAAYPIVHVDME,6,2.7,6.033333333,52.09,167.0766667
RTFLSPWISNIHEKK,6,3.3,6.833333333,61.79,252.7
IRDKRFHYDRNNIAV,6,0.01,1.165,9.62,38.655
IPLMALSTILVSSTG,6,1.8,6.683333333,22.33,195.6433333
KRTFLSPWISNIHEK,6,2.4,4.75,72.73,239.1266667
SENQYFQSAIWSGFI,6,3.1,5.716666667,68.43,247.9266667
LPTTSLVLGKNQTLA,6,3.4,5.55,18.51,113.2716667
LNVTNIYTVLDKIKL,6,1.4,5.033333333,59.68,222.3383333
LVAAYPIVHVDMENI,6,2.6,6.483333333,76.47,450.5733333
VLDKIKLNAKMNILI,6,0.24,5.34,10.81,173.455
DEYTFATSADNHVTM,6,5.1,7.35,111.4,430.655
PTTSLVLGKNQTLAT,6,2.3,4.566666667,14.25,79.86666667
VAAYPIVHVDMENII,6,2.5,5.433333333,108.85,310.9633333
LIRDKRFHYDRNNIA,6,0.19,2.888333333,19.83,74.255
NVTNIYTVLDKIKLN,6,4.1,5.916666667,70.34,244.7183333
AKMNILIRDKRFHYD,5,0.21,5.322,22.74,190.53
RIIFNGKDLNLVERR,5,1.4,6.54,49.39,245.88
YNVLPTTSLVLGKNQ,5,0.3,5.62,10.93,69.156
EYTFATSADNHVTMW,5,4.5,6.68,97.68,253.264
HVTMWVDDQEVINKA,5,0.95,4.79,111.97,466.618
PLMALSTILVSSTGN,5,1.6,6.62,26.85,178.204
NIYTVLDKIKLNAKM,5,2.4,6.44,43.57,289.812
NKRTFLSPWISNIHE,5,3.1,4.78,85.54,141.628
AELNVTNIYTVLDKI,5,2,6.1,71.81,173.504
PIVHVDMENIILSKN,5,1.8,6.6,74.92,257.758
KSDEYTFATSADNHV,5,3.2,7.5,119.61,376.784
YNQFLELEKTKQLRL,5,1.6,6.44,31.02,269.438
ALSTILVSSTGNLEV,5,2.1,5.56,33.76,164.352
TNIYTVLDKIKLNAK,5,2.4,5.94,43.79,251.256
TARIIFNGKDLNLVE,5,2.9,6.56,88.25,231.408
TILVSSTGNLEVIQA,5,3.1,6.16,45.58,169.246
KMNILIRDKRFHYDR,5,0.2,5.5,22.37,194.996
QSAIWSGFIKVKKSD,5,1.1,4.3,39.69,189.994
NAKMNILIRDKRFHY,5,0.28,5.056,26.75,188.028
FSDLNFQAPMVVTSS,5,6.9,7.98,26.21,279.128
NHVTMWVDDQEVINK,5,0.71,4.202,121.52,422.802
MNYNQFLELEKTKQL,5,3.4,5.44,59.86,270.248
LIPLMALSTILVSST,5,2.6,6.06,21.83,172.254
LEKGRLYQIKIQYQR,4,2.3,6.725,78.73,307.6025
ADNHVTMWVDDQEVI,4,0.84,3.035,187.35,388.16
IYTVLDKIKLNAKMN,4,3,7.225,52.68,308.32
LPQIQETTARIIFNG,4,1.2,4.15,18.93,91.5425
PLVAAYPIVHVDMEN,4,3.1,6.35,56.95,189.325
PQIQETTARIIFNGK,4,2,5.775,27.73,110.08
SDEYTFATSADNHVT,4,4.1,6.225,109.28,333.845
QEVINKASNSNKIRL,4,5.5,6.075,67.24,153.355
QIQETTARIIFNGKD,4,2,6.6,28.36,123.8
NSSTVAIDHSLSLAG,4,0.52,4.3425,25.65,90.44
SLVLGKNQTLATIKA,4,1.8,5.5,28.62,65.705
TMNYNQFLELEKTKQ,4,0.85,1.695,34.65,165.885
SSTVAIDHSLSLAGE,4,0.6,4.3925,29,91.1625
STVAIDHSLSLAGER,4,0.76,4.535,33.92,93.7125
SSQGLLGYYFSDLNF,4,0.47,4.4925,97.72,186.8625
FSSTPITMNYNQFLE,4,0.9,4.825,20.08,354.0725
DNHVTMWVDDQEVIN,4,0.88,2.845,170.17,395.085
TTARIIFNGKDLNLV,4,4.2,5.725,95.68,208.63
HASFFDIGGSVSAGF,4,1.7,6.55,21.14,94.38
SQGLLGYYFSDLNFQ,4,0.34,3.36,86.42,149.5575
VTMWVDDQEVINKAS,4,2.9,5.725,133.14,376.1375
SVSAGFSNSNSSTVA,4,5.9,6.875,76.75,182.2375
VLPQIQETTARIIFN,4,0.64,3.835,14.32,97.325
ASFFDIGGSVSAGFS,4,0.9,5.575,20.3,83.96
YFSDLNFQAPMVVTS,4,5.1,7.55,30.7,292.385
ELNVTNIYTVLDKIK,4,1.3,5.025,59.24,176.3575
TGTAPIYNVLPTTSL,4,3.2,5.775,16.3,214.785
SFFDIGGSVSAGFSN,4,0.84,6.635,25.4,117.9975
YTVLDKIKLNAKMNI,4,1.3,5.65,24.82,205.2325
GLDFKLYWTDSQNKK,4,4,7.375,198.3,303.13
VDVKNKRTFLSPWIS,3,2.6,6.933333333,126.63,138.25
DVKNKRTFLSPWISN,3,7.3,8.633333333,140.71,181.99
LMALSTILVSSTGNL,3,4.6,6.866666667,89.59,122.31
TVLDKIKLNAKMNIL,3,0.64,3.08,15.98,136.23
PNNYYPSKNLAPIAL,3,2.4,5.833333333,70.59,183.96
TVAIDHSLSLAGERT,3,1.3,3.766666667,56.98,102.26
EKGRLYQIKIQYQRE,3,2.6,6.533333333,84.46,377.3933333
PSENQYFQSAIWSGF,3,5.7,6.233333333,86.3,181.2233333
EKTKQLRLDTDQVYG,3,0.48,2.396666667,24.37,168.1
LEKTKQLRLDTDQVY,3,0.54,2.28,25.99,154.3133333
DQEVINKASNSNKIR,3,8,8.8,113.05,251.4333333
DITEFDFNFDQQTSQ,3,6.5,7.866666667,332.47,573.9933333
DMTLKEALKIAFGFN,3,6.3,7.566666667,296.57,485.1366667
DLNLVERRIAAVNPS,3,1.9,5.366666667,36.12,136.57
TKQLRLDTDQVYGNI,3,0.28,1.806666667,20.11,140.0166667
MALSTILVSSTGNLE,3,4,7.033333333,57.81,90.71
VLPTTSLVLGKNQTL,3,5.7,6.8,73.32,89.66333333
MNILIRDKRFHYDRN,3,0.26,5.553333333,25.25,184.7333333
DFSSTPITMNYNQFL,3,1.5,3.966666667,26.58,201.2366667
VSAGFSNSNSSTVAI,3,3.9,4.133333333,46.44,108.6666667
DFKLYWTDSQNKKEV,3,5.6,7.3,269.96,483.6633333
NGKDLNLVERRIAAV,3,0.49,2.263333333,16.44,77.58
NSNSSTVAIDHSLSL,3,0.71,3.703333333,32.04,129.48
NQFLELEKTKQLRLD,3,2.6,7.066666667,46.46,342.05
AGFSNSNSSTVAIDH,3,7.8,8.366666667,92.75,234.7733333
NKKEVISSDNLQLPE,3,4.9,5.766666667,69.11,220.8433333
SAGFSNSNSSTVAID,3,5.6,6.2,69.89,159.86
SAIWSGFIKVKKSDE,3,2.7,6.533333333,83.16,318.1533333
FHYDRNNIAVGADES,3,2.9,3.9,87.63,161.2266667
KQLRLDTDQVYGNIA,3,0.33,2.493333333,22.74,171.81
FNGKDLNLVERRIAA,3,0.88,4.326666667,22.93,117.34
KLNAKMNILIRDKRF,3,5.4,7.366666667,77.35,292.9633333
QNKKEVISSDNLQLP,3,4.4,6.333333333,63.97,261.3266667
HYDRNNIAVGADESV,3,5.7,7.9,542,746.6766667
FKLYWTDSQNKKEVI,3,4.8,7.466666667,124.33,235.4166667
ITEFDFNFDQQTSQN,3,6,7.966666667,295.37,588.38
SNSSTVAIDHSLSLA,3,0.47,2.71,23.77,54.48333333
KGRLYQIKIQYQREN,3,2.1,6.4,75.48,373.8266667
NNIAVGADESVVKEA,3,7.7,8.8,365.2,771.3466667
GKDLNLVERRIAAVN,3,0.61,2.336666667,17.79,78.85666667
FFDIGGSVSAGFSNS,3,0.95,6.216666667,27.44,153.0366667
SSSQGLLGYYFSDLN,3,2.1,5.2,127.6,260.19
TFLSPWISNIHEKKG,3,6.2,7.566666667,115.07,268.79
KTKQLRLDTDQVYGN,3,0.51,2.386666667,26.6,166.6366667
EVLPQIQETTARIIF,3,0.42,2.406666667,12.43,41.06333333
KEVISSDNLQLPELK,3,4.1,5.066666667,80.1,173.4533333
SADNHVTMWVDDQEV,3,2.1,4.566666667,300.89,579.6066667
SEVLPQIQETTARII,3,0.91,4.07,16.36,61.61333333
EVINKASNSNKIRLE,3,7.8,7.966666667,86.67,101.0333333
KDLNLVERRIAAVNP,3,0.58,2.793333333,17.6,87.93333333
YDRNNIAVGADESVV,2,4.1,4.85,410.45,668.23
RLEKGRLYQIKIQYQ,2,6.2,7.75,145.79,492.865
TIKAKENQLSQILAP,2,7,7.3,239.25,249.675
YTFATSADNHVTMWV,2,7.4,7.7,166.13,311.755
RNNIAVGADESVVKE,2,6.2,6.65,485.02,792.4
NTADTARLNANIRYV,2,2.5,3.2,37.92,112.99
NQLAELNVTNIYTVL,2,3.4,5.6,50.34,268.175
SKNLAPIALNAQDDF,2,6.6,7.85,300.37,715.3
YTVDVKNKRTFLSPW,2,3.8,6.1,161.5,282.65
YVNTGTAPIYNVLPT,2,1.8,3.35,81.43,83.855
SQILAPNNYYPSKNL,2,5.1,7.05,129.69,200.145
PDMTLKEALKIAFGF,2,6.4,7.35,299.23,349.58
SQNIKNQLAELNVTN,2,5.1,5.15,129.51,156.245
NYNQFLELEKTKQLR,2,2.3,5.95,42.55,178.16
NYYPSKNLAPIALNA,2,5.8,7,179.73,248.56
QFLELEKTKQLRLDT,2,4.9,6.75,82.61,89.68
TADTARLNANIRYVN,2,2,2.5,32.79,87.71
VEGYTVDVKNKRTFL,2,2.1,5.7,81.65,318.915
QNIKNQLAELNVTNI,2,3.1,4.65,126.89,136.36
VAIDHSLSLAGERTW,2,8.4,8.55,411.95,454.79
QLSQILAPNNYYPSK,2,6.4,8,140.65,255.78
QLRLDTDQVYGNIAT,2,1.1,1.15,44.92,49.63
TARLNANIRYVNTGT,2,3.4,3.45,50.63,109.66
TSQNIKNQLAELNVT,2,5.2,7.45,130.01,223.285
QLAELNVTNIYTVLD,2,4.1,6.6,60.48,325.165
PSKNLAPIALNAQDD,2,9.3,9.6,324.63,839.66
TSADNHVTMWVDDQE,2,6,7.55,646.76,985.43
NNYYPSKNLAPIALN,2,2.9,4.05,78.9,179.76
LVLGKNQTLATIKAK,2,2.4,4.3,87.08,97.56
GRVRVDTGSNWSEVL,2,2.9,5.25,133.57,246.075
LAELNVTNIYTVLDK,2,3.3,4.2,72.84,84.17
KDITEFDFNFDQQTS,2,6.1,7.7,580.07,616.745
IVHVDMENIILSKNE,2,2.9,4.1,133.7,182.595
IRLEKGRLYQIKIQY,2,6.3,7.75,298.53,566.12
ILVSSTGNLEVIQAE,2,7.2,7.7,115.98,653.755
IKNQLAELNVTNIYT,2,3.3,5.8,117.51,124.825
IFNGKDLNLVERRIA,2,3.8,4.5,64.68,107.76
GYTVDVKNKRTFLSP,2,2.6,4.8,103.23,174.245
NILIRDKRFHYDRNN,2,0.39,4.395,30.63,264.07
GKDITEFDFNFDQQT,2,7,7.35,515.6,615.66
GFSNSNSSTVAIDHS,2,7.6,7.75,268.58,742.965
FSNSNSSTVAIDHSL,2,5.1,5.75,183.14,649.715
FLSPWISNIHEKKGL,2,6.8,8.3,162.51,284.055
FENGRVRVDTGSNWS,2,3.1,6.55,147.58,315.025
EVISSDNLQLPELKQ,2,7.5,7.8,352.18,411.32
ESSSQGLLGYYFSDL,2,6.2,6.3,183.29,422.535
ENGRVRVDTGSNWSE,2,3.4,6.2,163.6,295.24
DTARLNANIRYVNTG,2,2.8,3,41.54,96.88
DRNNIAVGADESVVK,2,5.2,5.85,455.45,738.83
DMENIILSKNEDQST,2,6.1,6.9,139.75,152.71
DFNFDQQTSQNIKNQ,2,9,9.4,29.21,311.81
ARLNANIRYVNTGTA,2,7.8,8.45,131.12,307.095
APNNYYPSKNLAPIA,2,3.8,5.75,96.62,288.575
ADTARLNANIRYVNT,2,2.1,2.35,33.15,76.28
KNQLAELNVTNIYTV,2,4.4,6.05,64.39,163.86
YYPSKNLAPIALNAQ,2,9.3,9.4,312.3,460.36
MENIILSKNEDQSTQ,2,5.6,5.9,131.55,138.965
LDFKLYWTDSQNKKE,2,4.3,5.45,340.34,414.8
MTLKEALKIAFGFNE,2,6.2,7.2,296.03,528.125
NGRVRVDTGSNWSEV,2,2.6,4.4,115.72,202.855
LNAKMNILIRDKRFH,2,7.5,8.75,161.7,163.92
LNTADTARLNANIRY,2,5.4,6.55,76.38,274.76
NIKNQLAELNVTNIY,2,2.3,6.05,102.54,151.175
LATIKAKENQLSQIL,2,2,5.1,111.46,143.89
LRLDTDQVYGNIATY,2,5.5,6.15,263.89,290.725
DTDQVYGNIATYNFE,1,2.7,2.7,121.28,121.28
VDTGSNWSEVLPQIQ,1,8.4,8.4,1275.27,1275.27
NAEVHASFFDIGGSV,1,8.6,8.6,857.87,857.87
EKKGLTKYKSSPEKW,1,8.5,8.5,124.42,124.42
VDMENIILSKNEDQS,1,8.8,8.8,189.97,189.97
DTGSNWSEVLPQIQE,1,8.8,8.8,1301.05,1301.05
EALKIAFGFNEPNGN,1,6.5,6.5,381.71,381.71
EFDFNFDQQTSQNIK,1,3.7,3.7,176.09,176.09
TVDVKNKRTFLSPWI,1,2.1,2.1,112.73,112.73
EGYTVDVKNKRTFLS,1,2.5,2.5,99.09,99.09
EKGLDFKLYWTDSQN,1,3.8,3.8,448.58,448.58
ELKQKSSNSRKKRST,1,10,10,124.32,124.32
EKVTGRIDKNVSPEA,1,9.9,9.9,645.44,645.44
VINKASNSNKIRLEK,1,9.6,9.6,109.2,109.2
TSEVHGNAEVHASFF,1,9.5,9.5,154.3,154.3
NVLPTTSLVLGKNQT,1,1.2,1.2,19.07,19.07
TRTISKNTSTSRTHT,1,5.4,5.4,289.28,289.28
ENIILSKNEDQSTQN,1,8.9,8.9,191.66,191.66
ENQLSQILAPNNYYP,1,4.6,4.6,170.4,170.4
TMWVDDQEVINKASN,1,5.1,5.1,245.39,245.39
TLKEALKIAFGFNEP,1,9.9,9.9,875.33,875.33
TLATIKAKENQLSQI,1,3.6,3.6,157.71,157.71
ETMGLNTADTARLNA,1,7.7,7.7,479.15,479.15
TKPDMTLKEALKIAF,1,8.2,8.2,364.79,364.79
ETTARIIFNGKDLNL,1,8.9,8.9,426.53,426.53
EVEGYTVDVKNKRTF,1,2.8,2.8,114.39,114.39
VHASFFDIGGSVSAG,1,4.5,4.5,74.8,74.8
LAPNNYYPSKNLAPI,1,6.3,6.3,146.19,146.19
VKKSDEYTFATSADN,1,8.7,8.7,1294.39,1294.39
NFENGRVRVDTGSNW,1,4.2,4.2,194.32,194.32
AETMGLNTADTARLN,1,6.1,6.1,352.35,352.35
AEVHASFFDIGGSVS,1,9,9,894.04,894.04
AFGFNEPNGNLQYQG,1,5,5,258.73,258.73
AHREVINSSTEGLLL,1,8,8,113.57,113.57
YQIKIQYQRENPTEK,1,8,8,170.89,170.89
YQGKDITEFDFNFDQ,1,9.8,9.8,608.11,608.11
YPSKNLAPIALNAQD,1,9,9,296.31,296.31
AIWSGFIKVKKSDEY,1,6.4,6.4,106.43,106.43
AKENQLSQILAPNNY,1,1.2,1.2,67.97,67.97
ALKIAFGFNEPNGNL,1,2.2,2.2,92.27,92.27
YGNIATYNFENGRVR,1,10,10,124.73,124.73
NQLSQILAPNNYYPS,1,10,10,660.03,660.03
NIAVGADESVVKEAH,1,7,7,328.37,328.37
ATIKAKENQLSQILA,1,3.9,3.9,163.4,163.4
WSGFIKVKKSDEYTF,1,4.8,4.8,80.33,80.33
WISNIHEKKGLTKYK,1,9.7,9.7,120.85,120.85
WAETMGLNTADTARL,1,6.7,6.7,395.78,395.78
ATYNFENGRVRVDTG,1,7.5,7.5,94.75,94.75
DDQEVINKASNSNKI,1,10,10,663.61,663.61
VTGRIDKNVSPEARH,1,2.3,2.3,106.51,106.51
VSSTGNLEVIQAEVK,1,8.1,8.1,1261.52,1261.52
NIATYNFENGRVRVD,1,4.7,4.7,60.45,60.45
VNTGTAPIYNVLPTT,1,5.6,5.6,197.12,197.12
DIGGSVSAGFSNSNS,1,3.1,3.1,54.79,54.79
DLNFQAPMVVTSSTT,1,5.5,5.5,194.74,194.74
VLGKNQTLATIKAKE,1,6,6,335.27,335.27
TGRIDKNVSPEARHP,1,2.4,2.4,112.26,112.26
DQVYGNIATYNFENG,1,3.8,3.8,179.93,179.93
TEFDFNFDQQTSQNI,1,4.2,4.2,192.66,192.66
FDFNFDQQTSQNIKN,1,4.9,4.9,228.62,228.62
ILAPNNYYPSKNLAP,1,8.3,8.3,529.67,529.67
IQETTARIIFNGKDL,1,9,9,295.91,295.91
LKIAFGFNEPNGNLQ,1,1.7,1.7,64.78,64.78
RVRVDTGSNWSEVLP,1,4.8,4.8,224.55,224.55
RTISKNTSTSRTHTS,1,7.2,7.2,434.37,434.37
ISNIHEKKGLTKYKS,1,9.4,9.4,116.88,116.88
LEVEGYTVDVKNKRT,1,3.8,3.8,163.97,163.97
RLYQIKIQYQRENPT,1,2.6,2.6,85,85
RLNANIRYVNTGTAP,1,6.9,6.9,241.69,241.69
IWSGFIKVKKSDEYT,1,6,6,100.45,100.45
RLDTDQVYGNIATYN,1,8,8,504.15,504.15
KAKENQLSQILAPNN,1,1.8,1.8,85.22,85.22
LDTDQVYGNIATYNF,1,2.8,2.8,131.47,131.47
RIDKNVSPEARHPLV,1,6.1,6.1,344.94,344.94
KENQLSQILAPNNYY,1,1.7,1.7,84.09,84.09
KGLDFKLYWTDSQNK,1,3.5,3.5,425.5,425.5
KIAFGFNEPNGNLQY,1,1.3,1.3,44.08,44.08
QYQGKDITEFDFNFD,1,9.8,9.8,610.16,610.16
KKGLTKYKSSPEKWS,1,7.5,7.5,112.43,112.43
QVYGNIATYNFENGR,1,4.6,4.6,230.29,230.29
QTSQNIKNQLAELNV,1,7.7,7.7,165.38,165.38
QTRTISKNTSTSRTH,1,5.8,5.8,319.34,319.34
QTLATIKAKENQLSQ,1,7.4,7.4,255.86,255.86
KKSDEYTFATSADNH,1,6.2,6.2,1101.28,1101.28
KLYWTDSQNKKEVIS,1,7.6,7.6,421.24,421.24
KNLAPIALNAQDDFS,1,7.2,7.2,1187.31,1187.31
KPDMTLKEALKIAFG,1,7.4,7.4,340.96,340.96
KVTGRIDKNVSPEAR,1,3.1,3.1,149.67,149.67
ILIRDKRFHYDRNNI,1,0.52,0.52,35.1,35.1
SDLNFQAPMVVTSST,1,5.2,5.2,186.63,186.63
TEKGLDFKLYWTDSQ,1,7.4,7.4,751.74,751.74
LNFQAPMVVTSSTTG,1,8.2,8.2,272.61,272.61
QILAPNNYYPSKNLA,1,6.2,6.2,356.69,356.69
TDQVYGNIATYNFEN,1,2.5,2.5,115.01,115.01
FDIGGSVSAGFSNSN,1,1.8,1.8,36.95,36.95
LYQIKIQYQRENPTE,1,5.4,5.4,133.9,133.9
LVSSTGNLEVIQAEV,1,7.4,7.4,1207.95,1207.95
FNFDQQTSQNIKNQL,1,8.6,8.6,27.6,27.6
PEARHPLVAAYPIVH,1,5,5,76.98,76.98
LSQILAPNNYYPSKN,1,6.2,6.2,362,362
GGSVSAGFSNSNSST,1,4.7,4.7,77.35,77.35
LSPWISNIHEKKGLT,1,7.2,7.2,436.21,436.21
GNIATYNFENGRVRV,1,3.1,3.1,43.42,43.42
GRIDKNVSPEARHPL,1,3.6,3.6,172.08,172.08
GRLYQIKIQYQRENP,1,2.9,2.9,90.48,90.48
SQTRTISKNTSTSRT,1,6.8,6.8,403.08,403.08
SQNKKEVISSDNLQL,1,6.5,6.5,91.15,91.15
GSVSAGFSNSNSSTV,1,4.9,4.9,81.87,81.87
LPELKQKSSNSRKKR,1,8.6,8.6,108.46,108.46
HREVINSSTEGLLLN,1,8.6,8.6,118.76,118.76
IAFGFNEPNGNLQYQ,1,2.2,2.2,92.58,92.58
SNSNSSTVAIDHSLS,1,6.6,6.6,227.32,227.32
IATYNFENGRVRVDT,1,4.4,4.4,57.43,57.43
IAVGADESVVKEAHR,1,9.4,9.4,451.7,451.7
SLEVEGYTVDVKNKR,1,4.7,4.7,197.39,197.39
IGGSVSAGFSNSNSS,1,3.8,3.8,64.37,64.37
SGFIKVKKSDEYTFA,1,6.7,6.7,111.16,111.16
IIFNGKDLNLVERRI,1,2.3,2.3,73.61,73.61
IKAKENQLSQILAPN,1,2.3,2.3,102.82,102.82
NLAPIALNAQDDFSS,1,8.1,8.1,1259.99,1259.99
