No,Chain,Start,End,Peptide,Number of residues,Score
1,X,68,151,FIKVKKSDEYTFATSADNHVTMWVDDQEVINKASNSNKIRLEKGRLYQIKIQYQRENPTEKGLDFKLYWTDSQNKKEVISSDNL,84,0.803
2,X,669,699,RQDGKTFIDFKKYNDKLPLYISNPNYKVNVY,31,0.771
3,X,420,444,ALNAQDDFSSTPITMNYNQFLELEK,25,0.76
4,X,270,290,ILSKNETIS,9,0.756
5,X,337,361,SLSLAGERTWAETMGLNTADTARLN,25,0.755
6,X,555,583,DQQTSQNIKNQLAELNATNIYTVLDKIKL,29,0.722
7,X,643,663,IVEIEDTEGLKEVINDRYDML,21,0.721
8,X,613,631,KEAHREVINSSTEGLLLNI,19,0.719
9,X,708,735,INPSENGDTSTNGIKKILIFSKKGYEIG,28,0.702
10,X,39,63,TTGDLSIPSSELENIPSENQYFQSA,25,0.652
11,X,508,517,VNPSDPLETT,10,0.63
12,X,24,33,FSDLNFQAPM,10,0.606
13,X,385,401,LGKNQTLATIKAKENQL,17,0.597
14,X,206,215,WISNIHEKKG,10,0.583
15,X,535,540,EPNGNL,6,0.545
16,X,301,321,SEVVS,5,0.522
