Epitope,Allele
AKMNILIRDKRFHYD,HLA-DRB1*03:01
APIYNVLPTTSLVLG,HLA-DRB1*01:01
APIYNVLPTTSLVLG,HLA-DRB1*07:01
ASFFDIGGSVSAGFS,HLA-DQA1*05:01/DQB1*03:01
DKIKLNAKMNILIRD,HLA-DRB1*13:02
DKRFHYDRNNIAVGA,HLA-DRB1*04:01
DKRFHYDRNNIAVGA,HLA-DRB1*04:05
DKRFHYDRNNIAVGA,HLA-DRB3*01:01
DKRFHYDRNNIAVGA,HLA-DRB3*02:02
EKTKQLRLDTDQVYG,HLA-DRB1*03:01
EKTKQLRLDTDQVYG,HLA-DRB3*01:01
EVLPQIQETTARIIF,HLA-DRB1*07:01
FFDIGGSVSAGFSNS,HLA-DQA1*05:01/DQB1*03:01
FNGKDLNLVERRIAA,HLA-DRB1*11:01
FQSAIWSGFIKVKKS,HLA-DPA1*01:03/DPB1*02:01
FSSTPITMNYNQFLE,HLA-DRB1*13:02
GKDLNLVERRIAAVN,HLA-DRB1*11:01
GLLGYYFSDLNFQAP,HLA-DRB1*04:01
GLLGYYFSDLNFQAP,HLA-DRB3*01:01
GTAPIYNVLPTTSLV,HLA-DRB1*01:01
GYYFSDLNFQAPMVV,HLA-DRB1*04:01
GYYFSDLNFQAPMVV,HLA-DRB3*01:01
ILIRDKRFHYDRNNI,HLA-DRB1*03:01
IRDKRFHYDRNNIAV,HLA-DRB1*04:01
IRDKRFHYDRNNIAV,HLA-DRB1*04:05
IRDKRFHYDRNNIAV,HLA-DRB3*01:01
IRDKRFHYDRNNIAV,HLA-DRB3*02:02
IRYVNTGTAPIYNVL,HLA-DRB1*07:01
ITMNYNQFLELEKTK,HLA-DPA1*01:03/DPB1*02:01
ITMNYNQFLELEKTK,HLA-DPA1*02:01/DPB1*01:01
ITMNYNQFLELEKTK,HLA-DPA1*03:01/DPB1*04:02
IYNVLPTTSLVLGKN,HLA-DRB1*07:01
KDLNLVERRIAAVNP,HLA-DRB1*11:01
KIKLNAKMNILIRDK,HLA-DRB1*13:02
KKRKVLIPLMALSTI,HLA-DRB1*01:01
KMNILIRDKRFHYDR,HLA-DRB1*03:01
KQLRLDTDQVYGNIA,HLA-DRB1*03:01
KQLRLDTDQVYGNIA,HLA-DRB3*01:01
KRFHYDRNNIAVGAD,HLA-DRB1*04:01
KRFHYDRNNIAVGAD,HLA-DRB1*04:05
KRFHYDRNNIAVGAD,HLA-DRB3*01:01
KRFHYDRNNIAVGAD,HLA-DRB3*02:02
KRKVLIPLMALSTIL,HLA-DRB1*01:01
KTKQLRLDTDQVYGN,HLA-DRB1*03:01
KTKQLRLDTDQVYGN,HLA-DRB3*01:01
LDKIKLNAKMNILIR,HLA-DRB1*13:02
LEKTKQLRLDTDQVY,HLA-DRB3*01:01
LGYYFSDLNFQAPMV,HLA-DRB1*04:01
LGYYFSDLNFQAPMV,HLA-DRB3*01:01
LIRDKRFHYDRNNIA,HLA-DRB1*04:01
LIRDKRFHYDRNNIA,HLA-DRB3*01:01
LLGYYFSDLNFQAPM,HLA-DRB1*04:01
LLGYYFSDLNFQAPM,HLA-DRB3*01:01
MNILIRDKRFHYDRN,HLA-DRB1*03:01
NAKMNILIRDKRFHY,HLA-DRB1*03:01
NANIRYVNTGTAPIY,HLA-DRB1*07:01
NGKDLNLVERRIAAV,HLA-DRB1*11:01
NILIRDKRFHYDRNN,HLA-DRB1*03:01
NIRYVNTGTAPIYNV,HLA-DRB1*07:01
NQYFQSAIWSGFIKV,HLA-DPA1*01:03/DPB1*02:01
NSNSSTVAIDHSLSL,HLA-DRB3*01:01
NSSTVAIDHSLSLAG,HLA-DRB1*03:01
NSSTVAIDHSLSLAG,HLA-DRB3*01:01
PITMNYNQFLELEKT,HLA-DPA1*01:03/DPB1*02:01
PITMNYNQFLELEKT,HLA-DPA1*02:01/DPB1*01:01
PITMNYNQFLELEKT,HLA-DPA1*03:01/DPB1*04:02
PIYNVLPTTSLVLGK,HLA-DRB1*01:01
PIYNVLPTTSLVLGK,HLA-DRB1*07:01
QYFQSAIWSGFIKVK,HLA-DPA1*01:03/DPB1*02:01
RDKRFHYDRNNIAVG,HLA-DRB1*04:01
RDKRFHYDRNNIAVG,HLA-DRB3*01:01
RDKRFHYDRNNIAVG,HLA-DRB3*02:02
RFHYDRNNIAVGADE,HLA-DRB1*04:01
RFHYDRNNIAVGADE,HLA-DRB3*01:01
RFHYDRNNIAVGADE,HLA-DRB3*02:02
RKVLIPLMALSTILV,HLA-DRB1*01:01
SEVLPQIQETTARII,HLA-DRB1*07:01
SFFDIGGSVSAGFSN,HLA-DQA1*05:01/DQB1*03:01
SNSSTVAIDHSLSLA,HLA-DRB1*03:01
SNSSTVAIDHSLSLA,HLA-DRB3*01:01
SSTPITMNYNQFLEL,HLA-DPA1*01:03/DPB1*02:01
SSTPITMNYNQFLEL,HLA-DRB1*13:02
SSTPITMNYNQFLEL,HLA-DRB3*02:02
SSTVAIDHSLSLAGE,HLA-DRB1*03:01
SSTVAIDHSLSLAGE,HLA-DRB3*01:01
STPITMNYNQFLELE,HLA-DPA1*01:03/DPB1*02:01
STPITMNYNQFLELE,HLA-DPA1*02:01/DPB1*01:01
STPITMNYNQFLELE,HLA-DPA1*03:01/DPB1*04:02
STPITMNYNQFLELE,HLA-DRB1*13:02
STPITMNYNQFLELE,HLA-DRB3*02:02
STVAIDHSLSLAGER,HLA-DRB1*03:01
STVAIDHSLSLAGER,HLA-DRB3*01:01
TAPIYNVLPTTSLVL,HLA-DRB1*01:01
TAPIYNVLPTTSLVL,HLA-DRB1*07:01
TKQLRLDTDQVYGNI,HLA-DRB1*03:01
TKQLRLDTDQVYGNI,HLA-DRB3*01:01
TMNYNQFLELEKTKQ,HLA-DPA1*01:03/DPB1*02:01
TPITMNYNQFLELEK,HLA-DPA1*01:03/DPB1*02:01
TPITMNYNQFLELEK,HLA-DPA1*02:01/DPB1*01:01
TPITMNYNQFLELEK,HLA-DPA1*03:01/DPB1*04:02
TPITMNYNQFLELEK,HLA-DRB1*13:02
TPITMNYNQFLELEK,HLA-DRB3*02:02
TVLDKIKLNAKMNIL,HLA-DRB1*13:02
VLDKIKLNAKMNILI,HLA-DRB1*13:02
VLPQIQETTARIIFN,HLA-DRB1*07:01
YFQSAIWSGFIKVKK,HLA-DPA1*01:03/DPB1*02:01
YNVLPTTSLVLGKNQ,HLA-DRB1*07:01
YYFSDLNFQAPMVVT,HLA-DRB1*04:01
